948.jpg,254.9923638026882, 207.64856137349668, 55.0135071711294
640.jpg,241.26978946058213, 42.381474411423376, 176.30676561337677
205.jpg,219.4303435620333, 197.65295134384152, 41.57626021250319
218.jpg,354.8369449289037, 295.5622056389694, 85.2202887285764
387.jpg,459.05659096611566, 219.3834216222165, 50.99010916887931
982.jpg,291.4700465722556, 112.75094368414773, 66.47622512245766
592.jpg,324.35162684396954, 115.66516064213022, 16.424334962383593
771.jpg,203.15456570399135, 30.16750622066275, 61.530610227724864
653.jpg,309.0573822134559, 201.12761398384833, 36.158656463283926
623.jpg,233.84261746151267, 185.91199955996154, 55.68755260979816
981.jpg,332.34554644750364, 155.57668681301882, 35.84653075196611
211.jpg,379.88845585527974, 183.34628784513546, 27.984175585648703
468.jpg,248.4403838918327, 60.77242289383247, 6.9391160574401
910.jpg,457.1989397277462, 104.3512484856559, 82.7371333124822
417.jpg,221.68678288278042, 43.54612163402609, 16.20793750904353
673.jpg,186.45706038673185, 214.99709834138145, 120.37071188751916
59.jpg,504.94117712147914, 106.26660418724632, 47.7792398523669
662.jpg,158.5087687073756, 115.99965349249786, 92.09279263317865
549.jpg,354.9994868008002, 90.46731632014267, 42.32548448676025
772.jpg,202.65613026591214, 36.91883297463191, 53.4987867595339
8.jpg,458.1423444716864, 79.2358510918233, 44.45792406233385
999.jpg,406.2983152745844, 87.02837219276371, 52.61702404046046
439.jpg,154.6941835533737, 65.4137563316984, 19.156976943057803
467.jpg,250.73828443520955, 52.372457842655756, 13.907640359267184
876.jpg,255.3246878462965, 114.67123024930319, 9.972654926098075
974.jpg,498.14595361629887, 171.08465421193566, 31.421599230031614
342.jpg,347.9420420309909, 148.11599799090428, 15.694123714745396
238.jpg,320.8107178664925, 195.5711042362534, 26.290698664018777
501.jpg,415.75493824328476, 133.70192967518034, 94.55834813791368
284.jpg,398.0837368728745, 191.21063450182643, 12.505245182379777
764.jpg,162.46387138284607, 95.64315877451494, 88.92201821058198
492.jpg,270.4286197511984, 73.48788895295684, 8.926106808375028
825.jpg,545.0768763079067, 111.48656481730913, 34.56756635837751
48.jpg,271.9164821356036, 119.73818711757625, 86.05789810014643
842.jpg,408.6924832823455, 111.15298858195253, 39.332756017912956
487.jpg,239.46994487884078, 61.26037433932693, 18.88070326896394
938.jpg,374.99274564092013, 94.4770611106278, 72.19598582353032
314.jpg,479.2012540222179, 128.36416478936016, 22.56376571521629
859.jpg,430.10827645225623, 168.75073142934846, 33.09347902816116
93.jpg,494.93638359528074, 47.09897095272294, 41.65602428528372
370.jpg,304.83858227922514, 211.47723572017884, 62.03107875637535
182.jpg,336.2272437411472, 95.09936186745222, 25.082210968601633
394.jpg,251.8219392374574, 97.2574139971374, 38.49632450113301
717.jpg,369.0987827457923, 50.99430751462072, 58.3698191194409
243.jpg,232.48772127178893, 213.24207352242357, 34.852009070795624
186.jpg,166.88267129988088, 150.05012590560207, 81.0647672016759
540.jpg,279.6242460070368, 227.8606005975796, 61.54265212242534
161.jpg,118.63600379580438, 125.65003943475463, 32.09262091291427
466.jpg,215.56747393181277, 89.32392110786611, 24.622103994632656
598.jpg,318.15370918071943, 284.0415227434401, 33.83342402853262
626.jpg,224.78811180409383, 240.15845201212295, 121.42919245143409
732.jpg,215.03387313089357, 40.652886321695064, 67.98307744822449
830.jpg,327.7774850892486, 156.72130385132994, 65.45609098993708
883.jpg,324.1981895092724, 131.32106877692382, 35.2000814946848
512.jpg,392.98551368464024, 140.99724651023632, 78.21227368615345
577.jpg,330.12035976675406, 196.1620480895948, 48.53117332366222
452.jpg,285.11305896197973, 50.064731601380885, 5.660438059115462
827.jpg,544.2766111991389, 30.053898080964036, 12.645312353235465
479.jpg,233.24386465491324, 107.83438268866585, 16.3854153779913
891.jpg,435.91921328441, 147.25295350508273, 35.58689260646734
516.jpg,445.0723939623369, 104.23553030279473, 82.99820834147107
379.jpg,346.9417643849829, 56.87173129717283, 48.101774111180376
945.jpg,377.72298272981124, 166.85401931953407, 78.89846449411449
481.jpg,200.02782451559776, 50.50540171257173, 16.885770215750963
442.jpg,238.4776956522111, 65.77827543177624, 10.339684420204996
364.jpg,468.3560277256102, 277.1057036393585, 137.63265043653726
991.jpg,388.6470811885809, 180.86806209679483, 38.98696948795623
618.jpg,196.22994320655516, 149.02635482638954, 163.28114338351864
854.jpg,350.43803101140634, 159.91046885394735, 26.805583553604848
984.jpg,293.545703689338, 106.29880548353434, 49.39085093222389
819.jpg,192.46969041177627, 211.68422469240264, 26.914170759315528
275.jpg,307.4561870997642, 203.1897694517358, 45.52394416800781
353.jpg,489.5303324852884, 111.25799720385565, 38.0892332490585
257.jpg,453.5493285866239, 82.5807983631947, 17.392426595757012
860.jpg,428.6357429967398, 126.60387977205397, 30.145728907754897
19.jpg,503.3111276925836, 111.78245401398169, 34.28456574195131
895.jpg,350.3004200300505, 186.25985131834386, 30.774881073794766
157.jpg,213.2137745943778, 175.48111207000113, 23.87340417416746
916.jpg,260.82343296147656, 124.89821643061651, 23.51643787998711
906.jpg,321.4238820145452, 174.45097087838462, 92.33620745702514
12.jpg,333.46274591085125, 124.85879633602491, 62.760257129973056
316.jpg,535.5864706544352, 205.401488238902, 98.71192565538826
630.jpg,271.7166120626614, 237.28667058687105, 149.64754826793845
365.jpg,275.16970096383073, 107.6141436674529, 55.282752748482444
441.jpg,237.40279312786348, 70.34327468136173, 32.18357615139862
784.jpg,225.53400195734085, 47.21086803144455, 63.607646710926446
734.jpg,207.6258596859228, 88.2842148193554, 65.58118128490064
522.jpg,506.2805093052155, 117.38471997494955, 58.071333762503066
137.jpg,164.66375733612625, 218.25888304598504, 13.388646679690563
272.jpg,293.8865683118628, 218.88761010989376, 30.86184447478383
424.jpg,269.5813858832933, 100.35479529542539, 18.92295648213314
85.jpg,278.2751629538622, 109.38461009779247, 58.78940183417435
705.jpg,290.8335022420531, 114.2692510903213, 79.83837944297113
681.jpg,179.64384841586613, 60.21733645045323, 78.20275783144157
922.jpg,413.980786266474, 115.79440028103531, 63.93364601880845
116.jpg,359.18242480868224, 163.9021987887562, 37.193334731458556
852.jpg,553.1223614805857, 91.4295164220336, 36.38162411581134
406.jpg,249.9585324429548, 93.08311192251992, 22.560273971577217
153.jpg,342.6285439500247, 68.24745642643846, 38.18460133365584
847.jpg,478.1750033347613, 152.75114580825803, 12.866017023307625
711.jpg,143.0729025631049, 137.7554269791479, 68.77766770955613
36.jpg,332.9761005086014, 197.95190521625688, 66.83050463632533
178.jpg,325.7896833805355, 147.22757870933117, 33.29539017621166
443.jpg,272.66605490311696, 70.36370171573955, 15.248390768670115
585.jpg,447.9090699816591, 73.71260940743247, 21.62456537122879
769.jpg,196.08849481955835, 54.60107736360493, 80.35201262430866
326.jpg,382.17639273397276, 304.81064055947877, 54.60464502318742
245.jpg,131.70067651363306, 42.49287263675373, 13.580992573590075
754.jpg,252.1921851734963, 115.99356157170833, 110.42389636391455
886.jpg,375.0459980717567, 256.37793929896765, 20.642776264909728
685.jpg,293.4095716876835, 85.18668170640856, 24.88629018821077
636.jpg,288.9540953406438, 244.05948113783975, 74.0034790550498
77.jpg,364.52550573330524, 85.44004231689841, 36.34139905433797
671.jpg,412.4021008732405, 74.40359912217076, 81.38094887186809
400.jpg,217.04351296194417, 52.30812356151961, 11.280064690366531
889.jpg,269.09297184950213, 183.43178806768069, 17.410266116496445
261.jpg,425.203608268176, 131.27068143124072, 19.51296131725485
293.jpg,218.6958433716328, 225.37434488970052, 43.09461010482967
519.jpg,343.32630174669254, 183.14746236202885, 47.826335803631785
905.jpg,436.69103525788756, 111.20717771439466, 62.75130215203221
504.jpg,382.07798533101567, 190.54692568457148, 31.116933997025722
109.jpg,397.88679351024484, 124.71185328115035, 36.92304490770632
871.jpg,350.0016329758422, 245.09637173574922, 24.13211907830975
864.jpg,427.9587114266288, 221.31518775644673, 45.81104014545094
646.jpg,193.7634057019437, 115.46753170902407, 116.07656833312066
159.jpg,237.52434099655835, 215.3012986909092, 20.504192262313964
67.jpg,342.4437706799668, 105.93794242316251, 43.95339886079272
903.jpg,405.31411760279536, 95.11669191087034, 33.52421312371809
533.jpg,269.19124581341316, 220.45031975175968, 36.139847741747026
233.jpg,325.636364724798, 30.02617047383632, 18.16496983509959
416.jpg,201.89270112715442, 51.834699231950026, 18.613912383581763
935.jpg,221.188373667706, 125.6046688747805, 39.87103726899821
359.jpg,377.8132884235283, 185.19840613819903, 43.72665190718224
822.jpg,411.3860725625671, 221.78852332619107, 74.5265651068122
679.jpg,289.38542860907216, 188.97189242742508, 68.45204231393909
366.jpg,313.77916894513953, 113.5630122557105, 29.557953275529528
114.jpg,446.6155136875341, 174.50165810248816, 56.871390984645465
567.jpg,424.15117713623005, 200.0407845770419, 46.988374390411934
576.jpg,389.8537019159443, 146.33252139324196, 31.369305350868267
890.jpg,635.3073330988217, 46.323590358593044, 20.583965419261865
505.jpg,627.4097690502401, 70.29401902832225, 83.4312469265777
461.jpg,278.2227523785009, 74.81654469094738, 7.463915768873998
676.jpg,219.03054817348806, 118.66837736313454, 82.52992937756805
691.jpg,153.14182116251308, 171.194260194539, 196.491539268628
217.jpg,512.1614311711414, 166.10866888747722, 17.145687745246267
397.jpg,311.2332573004957, 131.95185130257357, 94.93086902205975
286.jpg,234.4768442993959, 266.7869237630775, 39.40354651234113
745.jpg,226.8504438061726, 80.02302540837276, 65.24037729682028
171.jpg,272.77432097706475, 208.97321853259257, 28.886308438859814
451.jpg,247.74317801934978, 46.70393974458662, 9.540102626805956
375.jpg,406.9479755141213, 228.17987768582734, 34.525021106335416
102.jpg,347.64824556888794, 179.07213040926405, 50.42137695059418
53.jpg,428.4272216397541, 86.70991484266514, 64.43130677188114
28.jpg,641.4627086646019, 65.2378593136575, 37.83210126558463
445.jpg,275.4441704004976, 77.38022567821557, 24.52834101610824
524.jpg,417.65553944587947, 226.88095141656783, 28.623033108180785
70.jpg,254.2002454782519, 75.209777605725, 28.977010568717844
958.jpg,371.53055417866165, 172.4412286398136, 132.6035503153439
546.jpg,352.5911772221698, 114.18906543104436, 57.77180902991311
733.jpg,233.93776952587606, 68.13688522047846, 72.53878173603587
677.jpg,183.35552819800415, 133.39825501239557, 122.86588719310782
360.jpg,308.96381096876786, 74.72525044624764, 57.20583804232564
877.jpg,332.7201720089089, 67.68706953350855, 23.93359533745275
119.jpg,363.12067362603767, 237.87786711754532, 24.5675968114678
371.jpg,332.556425852189, 354.8768576521063, 47.1092531950067
896.jpg,402.31331193487, 209.04414896033992, 26.3892910736567
121.jpg,278.85498102957456, 67.5055027010403, 33.81647470439828
305.jpg,474.1968641108646, 96.66801948901164, 13.837533718465735
766.jpg,167.30458679700214, 75.38286883647173, 51.93238067395999
665.jpg,313.86726358510936, 116.99284877538268, 155.76801246852153
411.jpg,269.66584462797834, 130.1166739702255, 25.6995547293342
787.jpg,252.29721181745523, 92.44300948378061, 69.88702503114608
309.jpg,510.57539982574633, 76.81224407846952, 20.884325274095726
433.jpg,242.58533818813552, 112.42941076204731, 13.07291097036629
104.jpg,232.83400255783684, 262.3677387777792, 41.763660999057116
613.jpg,309.09032595321764, 98.81758941534258, 80.83502718328216
814.jpg,489.04748087160374, 107.01206386476176, 29.88190873761008
9.jpg,438.1888581575705, 84.2708519770486, 49.34528128843965
16.jpg,293.95474926478266, 62.064684811418516, 35.1755226555726
378.jpg,293.15164179331265, 189.82412442203503, 61.30582461692956
469.jpg,170.3004218593261, 35.94606132259024, 9.602585691143787
584.jpg,310.84640345431046, 94.33694132497824, 15.655677051586382
25.jpg,443.2400137186687, 118.2323879520258, 48.018578694800276
408.jpg,355.54285766530785, 81.57350082106215, 17.46678207655017
932.jpg,332.22143144818097, 86.84021968763922, 61.3862007901211
264.jpg,295.6416712755395, 151.05092236592023, 28.439419275122987
239.jpg,240.71979801192893, 232.3303341653496, 34.842770166758285
595.jpg,361.4435429837948, 111.94286082049771, 19.70662176433781
493.jpg,187.5956978676827, 118.66628726402912, 28.087303506219996
823.jpg,346.2223528919733, 260.55677088120774, 60.38757413298759
539.jpg,328.101281332362, 236.1935687607388, 24.356514373518255
160.jpg,450.5113966517938, 52.25948098087294, 28.242783308384425
156.jpg,154.84143159217425, 208.34539717115757, 44.876107899815885
506.jpg,315.17299362373444, 208.82534359614482, 32.87429470113497
354.jpg,379.23318550996777, 265.45803995042303, 72.0931953681798
597.jpg,389.14561236306264, 129.38430831672693, 22.855700420890475
586.jpg,320.05575981200326, 105.42615367975685, 14.792543147445071
41.jpg,476.6397170371132, 79.68308962816465, 41.37290588243118
602.jpg,225.77332778786175, 185.508075836297, 183.56426734697578
226.jpg,439.2442008543062, 152.34368110305888, 22.273813982694655
302.jpg,380.6569360846272, 305.5383881759547, 61.44827893225274
831.jpg,544.7569898499107, 42.2478418120985, 18.512673321475017
426.jpg,330.6145116528481, 69.77204422765074, 31.02330720637538
826.jpg,656.0223426170545, 52.98164886114842, 35.315122437761985
407.jpg,161.31400922082017, 77.65494358465408, 13.441793038659178
515.jpg,451.92389518750133, 213.71591351603558, 38.056549270564844
853.jpg,320.547544335575, 90.23369694889382, 27.457051181646936
824.jpg,460.85275729987, 241.72324725635983, 70.88895487654656
90.jpg,470.26428609844834, 69.37613688171845, 64.27301006082438
23.jpg,430.1477945730842, 51.52632728148658, 26.323358755791524
808.jpg,461.7751049104025, 176.2636730683348, 25.289074054242626
183.jpg,221.87200024444303, 165.50860065202107, 32.9943893034691
212.jpg,522.2687420516987, 99.11506509933582, 28.440098853454487
848.jpg,335.05991790485297, 188.14892037623852, 44.71904681240632
593.jpg,317.3899851631141, 125.85142637019317, 16.02745787888622
942.jpg,395.08430689907885, 141.80837983241491, 76.53368194662703
612.jpg,348.08615715827585, 87.9853547381368, 107.07955509851303
202.jpg,281.6311657362001, 207.0034038566699, 40.9312004459485
126.jpg,153.4014005283354, 384.1952270920039, 39.569055845079745
76.jpg,377.1812822324992, 173.3776878194275, 97.54371077989285
303.jpg,308.6704494958917, 125.32632894218244, 50.189940420076354
500.jpg,395.021356821464, 203.32465122583415, 21.63472296663859
718.jpg,185.1704093037701, 58.1316441244698, 63.18007594424458
236.jpg,360.1503962580191, 77.50572941782826, 34.759656651655995
511.jpg,616.6327686272409, 97.96908723525182, 82.6271025885724
381.jpg,392.7227090220032, 278.34240411294354, 100.85766418615225
192.jpg,212.85808286377545, 105.17873637178123, 30.712858699889257
565.jpg,185.18040405212247, 352.06578340572815, 94.30090728883101
923.jpg,494.6470112853342, 129.99721858336494, 111.46319491111315
986.jpg,410.8191330046106, 193.03754483000617, 80.12605873718796
185.jpg,255.19906553008698, 200.89989885877367, 41.75502583181876
311.jpg,374.18824012158933, 252.35300306991766, 40.75876585341328
811.jpg,401.7099968475019, 153.09009325776253, 20.392317365481578
967.jpg,446.93718702806075, 164.8818515020361, 78.36663805613892
569.jpg,393.7825989276691, 116.9693227987157, 45.5104992697178
652.jpg,252.5990389167208, 63.35201545381663, 123.81722843426323
927.jpg,421.69313852066995, 106.62418774103426, 44.238364890675356
957.jpg,368.5350945965983, 191.8699358191816, 68.8688844136266
862.jpg,461.1614408666871, 129.56668159538833, 46.80804136595695
528.jpg,428.8512298588306, 98.0380640606994, 80.02276014232476
949.jpg,380.560164068759, 157.45824553889398, 23.329595758313904
283.jpg,518.3294885247141, 99.84756868798043, 12.013752439517669
851.jpg,631.5570980089619, 125.09344889713387, 27.902975724452943
97.jpg,295.06948197605624, 99.81823336377366, 48.92096841081082
518.jpg,329.5541207194506, 120.07047779293451, 32.49759290913751
894.jpg,343.0248416500495, 175.30151193385572, 49.508588124069085
797.jpg,253.847535248892, 65.82740054844527, 66.9375553293521
237.jpg,326.87792803450606, 43.123417596492125, 13.067809811576241
95.jpg,623.5790078151778, 85.3708565559353, 20.926615272463195
499.jpg,259.9903089362072, 68.52991604834929, 22.700491117993835
195.jpg,328.1993877407216, 155.97933469714891, 27.336158420106223
722.jpg,215.27885543819323, 64.02612941034677, 59.47910148827219
84.jpg,401.70240746196214, 91.8199226364011, 40.72168572919705
118.jpg,349.8405349245943, 99.11328310827635, 29.14925993234429
115.jpg,406.01966155592794, 120.38115752340808, 42.56667407228434
196.jpg,348.2280819720729, 144.51935551799357, 15.399091960721526
756.jpg,192.18169834206694, 113.56798488333358, 109.68172215653838
997.jpg,372.44307525790225, 142.43488153607493, 59.52637733060279
534.jpg,403.61680988354914, 134.6489816430017, 51.071681357512844
710.jpg,280.7905245566913, 69.01001820177059, 59.49239318289552
786.jpg,203.31006113589757, 61.896769255459326, 79.76006909608223
767.jpg,207.30015801082732, 46.209262364716054, 53.41802548635664
308.jpg,455.2013583615044, 107.81504608145347, 57.384182150373874
282.jpg,257.2872442578182, 80.39260482400714, 24.120884311001234
486.jpg,305.4849446671973, 118.91933702000624, 42.33098215846177
670.jpg,327.8719415690279, 176.5782099998253, 53.55181363570195
562.jpg,332.17640913714484, 122.320325060599, 54.356622493382275
47.jpg,415.0358530704018, 94.93337241486104, 59.58305681054677
951.jpg,345.2720633552836, 144.15858548260337, 70.32281204818929
401.jpg,249.69469528425472, 94.46023787503803, 14.04862175285736
131.jpg,266.3291063812263, 152.8922262805551, 27.23736541381004
349.jpg,362.9624172500188, 120.43794659300191, 24.681647692959434
80.jpg,409.83333652415024, 122.21240545987757, 80.08636848926686
912.jpg,436.8587289991622, 151.00676399385887, 92.68505561426767
666.jpg,319.7149026848112, 208.86204275449956, 68.4198719818506
801.jpg,402.83810557552295, 209.37185723354122, 25.96936864451016
907.jpg,355.7162944551786, 179.57155114408894, 84.80767393407736
791.jpg,152.910250720637, 55.90435612359169, 45.51135250690294
323.jpg,457.85812560016575, 72.0437517181442, 10.210022474593522
148.jpg,345.9461267155831, 182.32854965072372, 38.91564779538731
921.jpg,323.23187383040744, 135.33407964066927, 94.62244228447621
30.jpg,243.43041010330228, 53.49967790104021, 27.78480711230148
908.jpg,400.0447059217246, 211.19765126479066, 108.22199697020679
240.jpg,431.8994028259545, 86.31059159320816, 23.642745336376162
996.jpg,335.4589575287733, 145.14687907349915, 104.53113103183505
386.jpg,413.02439326009693, 247.68427103923653, 45.27305707074051
735.jpg,220.55117956106253, 60.834070066445264, 73.1962381744346
222.jpg,262.900960726065, 263.1025512863234, 37.834970094644014
120.jpg,292.02113982891314, 96.46339637416551, 23.241854807831764
758.jpg,189.27373567261455, 80.56852520552249, 70.29682456984533
748.jpg,213.4848740849391, 71.979976712961, 67.15796733524947
139.jpg,328.44907390199927, 139.70735121313623, 16.2845993606914
606.jpg,308.8305696349035, 96.56645885449038, 86.86855016695516
332.jpg,398.83823775689075, 254.07698357159086, 122.28703161500248
279.jpg,373.0483348905204, 197.21085223982274, 41.823649995598274
605.jpg,241.28795563407004, 177.30536361373126, 50.9609674707355
325.jpg,460.29505374781144, 126.57134412086226, 52.07415149423926
571.jpg,303.2265600943153, 82.3160923037911, 19.583386113460094
54.jpg,480.0963344691405, 147.94693417085907, 74.47718175077902
684.jpg,268.59688229478826, 55.419907369802594, 65.35058575905292
680.jpg,183.86674248419274, 144.33011222427714, 147.60536109343457
414.jpg,270.92600925668506, 70.70151901923843, 24.452022342581582
423.jpg,154.7877372332794, 59.10951720065331, 27.80545726883657
278.jpg,330.1895368786301, 203.0531107399613, 36.451010749113024
2.jpg,527.77396218437, 87.80013894869442, 30.871556359676806
678.jpg,153.54178578815598, 105.72437680294404, 73.94446372307652
203.jpg,382.3403054727571, 227.42311906619673, 21.35377399453127
789.jpg,116.3519937515591, 73.70609603289829, 59.73001656552802
977.jpg,382.8948012616171, 163.4542027199067, 117.59526141007146
138.jpg,233.46019010635467, 182.80390656595273, 67.59494977901788
193.jpg,301.52014769983026, 242.78731104389894, 36.4908970470877
228.jpg,359.474161285946, 236.0640191618659, 30.6513193987675
657.jpg,124.34673614839113, 143.43460541126683, 101.28390249288316
396.jpg,481.2609756358333, 127.9410617195704, 81.13901408065816
335.jpg,429.8672280033964, 177.40679762581246, 49.10253667877395
620.jpg,210.93425980531075, 170.55259408604095, 121.3893075020073
113.jpg,279.6742998768789, 106.11950011489208, 8.717728654191191
476.jpg,223.84843942595077, 62.329731323635805, 15.21360401357565
170.jpg,341.3443158223851, 127.27036445806883, 45.277086761355015
355.jpg,382.1006958854773, 117.52176562298372, 42.646983062285315
336.jpg,455.84661594736485, 118.51534250969051, 27.272956429865122
728.jpg,215.65758585054147, 82.74300513495979, 73.68806046749535
596.jpg,451.68916332976386, 79.90892410602456, 20.956859981129337
281.jpg,422.2141161504504, 171.88477933914854, 27.289573212527348
746.jpg,181.70761091030866, 77.82524237138338, 72.49602497128241
444.jpg,239.41818509185399, 70.67166145054918, 39.22630482334132
966.jpg,270.3350026433879, 152.73807615538902, 55.30126187825482
987.jpg,290.3243155609216, 96.30441408767757, 42.97670782830722
568.jpg,319.5232571639266, 55.37124501665143, 132.42188176065972
422.jpg,328.08399698174816, 59.88730671771582, 31.706574950092858
304.jpg,487.87933578818394, 162.70122163175714, 43.577851905723705
150.jpg,344.28838758830204, 133.28973605811566, 25.36626216519813
89.jpg,261.5443037994314, 43.37102854138947, 48.14705026227062
391.jpg,479.8262160458878, 189.01635619549603, 65.83494011691508
529.jpg,330.983560790759, 208.3663132443775, 47.489203036505835
656.jpg,351.785712582823, 32.42368945221825, 23.82824778957481
312.jpg,441.22841088921683, 207.7573613939509, 30.97863601169088
421.jpg,191.5339015113514, 86.73780115899852, 13.004232106998415
22.jpg,347.73248068321857, 106.54159623177212, 69.44310803707475
273.jpg,256.3948849789202, 49.72767827166596, 18.18956297242827
971.jpg,298.39137845347284, 169.0212692360106, 52.48880730714961
543.jpg,315.57548962431247, 92.34768320400494, 31.411575217962476
742.jpg,179.21321829957256, 52.67348916834942, 56.347762045509626
902.jpg,475.6269626486251, 142.04315929804562, 46.6235186061568
14.jpg,306.6645874695444, 53.36316549317553, 84.25675859032485
855.jpg,495.70851700218253, 73.70529840669683, 29.64296552472243
79.jpg,247.3804896795246, 89.33397333827814, 15.411755632536437
482.jpg,267.34914673419075, 74.93664338968786, 7.129339360244211
380.jpg,297.6289638899567, 240.22009552702227, 79.23447339537819
599.jpg,334.2756269905356, 125.36360642649169, 24.70803473618688
287.jpg,382.9938310285619, 224.4856841032868, 34.49687947170196
81.jpg,396.7821298437489, 140.94183562715773, 93.71859914609374
399.jpg,414.7272330185181, 144.11168928050733, 80.42230646184044
755.jpg,165.72129646657635, 117.97269628662976, 83.19572322559065
552.jpg,286.97007874379995, 223.13425154546303, 65.14682595554224
712.jpg,226.90957891508964, 153.76754219565984, 61.83193767193748
216.jpg,506.704186251537, 187.495026506203, 30.93969651463973
52.jpg,351.746305469822, 81.54887686718625, 68.4631249135433
609.jpg,353.1541760170857, 280.60644158752547, 58.167559268800986
545.jpg,294.9347171581369, 170.68402876538602, 56.115444404384725
352.jpg,468.7978675103658, 189.4302033656308, 56.737762899140414
412.jpg,282.8573731215715, 25.86981159191666, 22.108095367557958
820.jpg,351.5907597632961, 84.27977013346774, 55.07906737192207
604.jpg,371.83182151048703, 56.908225490189466, 14.72726091294903
20.jpg,366.78764641724723, 74.74707438947628, 35.61860067817404
782.jpg,265.67802487327947, 131.2527320056224, 91.11590983927432
956.jpg,384.341696476461, 158.4853880789761, 52.1651027652204
40.jpg,368.84622744342323, 83.28286810758813, 68.26175158597948
969.jpg,408.2544907166923, 146.63643422561643, 50.937465536540564
398.jpg,377.2711953584194, 152.68392344988789, 41.49591357523343
333.jpg,393.05590978878655, 177.97370843902243, 37.729047486669046
497.jpg,231.67172381210725, 90.0791592438993, 15.34770242176517
872.jpg,334.56344684209, 239.23242930644534, 26.37106481413236
488.jpg,247.1134140337729, 61.51710484787853, 34.17478055164488
698.jpg,239.08816682586647, 132.1143387659553, 47.63884695355874
555.jpg,464.34829464168973, 152.63840014877817, 28.79511885866287
880.jpg,348.66160975965647, 148.5213375920981, 26.114635749152658
535.jpg,462.7895378082075, 85.21800452696054, 65.60633949829722
556.jpg,303.15352134408994, 211.00579646475788, 52.592142278037215
166.jpg,270.07941548650746, 147.18021242077916, 41.19108153697744
915.jpg,354.5368264505285, 116.43370383163555, 29.29569989306773
725.jpg,256.7671563592968, 107.16421956376607, 70.67356482228278
271.jpg,344.35157620555367, 130.8616518412297, 13.180032719118831
650.jpg,192.81594382954233, 162.63497380086045, 118.70101164273186
103.jpg,399.44106290669356, 212.61417188219946, 47.649445039820826
564.jpg,404.3786140980954, 191.1739651792846, 67.19593342354538
715.jpg,227.28673725375052, 72.2629325808439, 73.07875462424201
184.jpg,186.57370726543655, 192.27850354796618, 28.761179441169112
817.jpg,261.98717964458405, 186.6944198866667, 22.43157270154107
594.jpg,304.4357138076893, 122.0062723113096, 27.716236873502776
322.jpg,353.0538678627651, 135.10883449395988, 48.6363745168068
254.jpg,579.8511593824932, 44.23269079773947, 7.66145633479073
572.jpg,408.77649551572154, 109.58197385881951, 84.11493472566424
924.jpg,311.92205311902154, 140.90009270880566, 38.862575113271404
790.jpg,137.84943886460402, 89.08428829305238, 91.44764079319165
738.jpg,181.28831074263718, 61.3272793092062, 64.82000624930845
601.jpg,208.50472409899555, 139.8919307824046, 161.28451962656493
588.jpg,337.50308601004144, 119.84888335715519, 27.000464466529035
865.jpg,521.5411151608452, 28.954556608332407, 21.02996232060006
944.jpg,494.0236594553166, 144.63844089893533, 107.77562216464273
73.jpg,279.5772030790929, 147.3777295363273, 35.87647939057123
633.jpg,316.4138001044325, 261.2512856730736, 33.30775876156672
714.jpg,277.26414731197445, 96.48237749029023, 70.7190693821211
913.jpg,288.1737268585514, 81.36517140845802, 27.26438647733099
950.jpg,346.79253814198654, 185.22166546807236, 60.34850332876018
46.jpg,283.9110329225257, 64.1449674819202, 22.421396853557788
141.jpg,306.26278071481465, 179.50921055348405, 38.63383605917074
175.jpg,246.40043842121932, 227.3756494023526, 29.509081236284427
213.jpg,257.2546976048748, 137.07696754863485, 24.0419924824811
920.jpg,290.82558211334907, 146.0190291030676, 79.64533976863106
347.jpg,302.61021644988267, 227.5826673019326, 51.985289646843356
0.jpg,330.25975491132203, 172.61737899268002, 95.04912787227187
418.jpg,239.28342749387957, 65.52513963796649, 14.019578557936459
446.jpg,225.07650946507542, 75.81226551151624, 10.303339849216757
800.jpg,362.0562499455392, 425.3197962286386, 95.89404991445222
849.jpg,415.0060756090435, 111.82480493041481, 41.78465796379174
235.jpg,303.2667257012799, 174.91508929858472, 25.379563327056065
369.jpg,294.9271121558956, 131.17603353738173, 41.11328344569437
760.jpg,122.0790823235824, 73.10045272822698, 56.33582640686055
532.jpg,238.13823115546526, 207.985392733845, 12.089523095406031
844.jpg,301.26598493070065, 161.62457752176164, 32.8629771087385
358.jpg,313.2625651720907, 110.19977799075252, 23.877424904178273
108.jpg,241.39363318934065, 75.97007867187939, 45.46897955857337
514.jpg,297.0584102687904, 185.13784598272136, 56.86476591540062
208.jpg,536.5445435319464, 53.67496609208222, 9.957359751179078
937.jpg,447.03068697866587, 191.07502182803387, 134.70297700345475
17.jpg,369.1825705741849, 123.3324469704232, 50.65432638598116
792.jpg,216.56969197530495, 74.70158321418089, 62.686631230645546
234.jpg,165.40454712640778, 134.1722365010326, 40.08668722658911
246.jpg,481.33751301734793, 83.9462738491947, 16.12688266062572
962.jpg,562.0453797300044, 148.81874062280167, 48.838793761227954
415.jpg,207.79628565094475, 50.69865990382796, 12.969201556379703
757.jpg,132.3930886567735, 78.51687040053316, 48.126930017571645
61.jpg,282.184420289324, 130.57001775526714, 73.02289150263731
692.jpg,324.2949976602159, 65.10574369786615, 41.91091004999846
174.jpg,336.80710608620353, 117.74096318264638, 32.07767390607391
553.jpg,275.71426122883696, 307.09260650661776, 56.36839170056169
838.jpg,458.6308458994039, 141.24655437537416, 38.918680758750234
628.jpg,324.0487253245221, 271.0615112303289, 55.049821670330104
868.jpg,457.2848036583033, 80.25275893514431, 24.9976224947922
155.jpg,230.662956342771, 156.22883143753842, 15.06398660812967
290.jpg,481.4436961069813, 107.70949193308212, 25.339843029370197
223.jpg,543.1093025744958, 70.47452771328756, 31.66550596659578
747.jpg,182.95999550584864, 85.13444043561645, 71.022653632014
768.jpg,117.05033615935496, 74.98162377811727, 63.06678979034042
471.jpg,271.03753924213356, 47.13532626947244, 12.837242826620658
149.jpg,222.42858329706868, 177.21629187128016, 30.48061740966851
608.jpg,248.95172768876296, 204.97876003465416, 211.88278589836352
91.jpg,336.2101781696709, 76.30726810903643, 57.36301892286279
413.jpg,155.1526068480837, 78.04292902238865, 21.988677266029818
752.jpg,170.2773737746195, 56.95430041627574, 52.30865825804272
341.jpg,436.9208373019707, 182.17701143544076, 42.76910163127017
324.jpg,430.85783288510936, 226.19465887462366, 66.7960349199952
590.jpg,300.7896431875919, 153.5704187458173, 26.200616927827824
542.jpg,405.3225262115173, 171.31513809015152, 34.11990002763266
348.jpg,552.7194077767558, 150.1793173936286, 50.53940063912086
970.jpg,277.73133639744884, 116.25716996212829, 60.071203500854175
694.jpg,420.1075777164301, 156.05037337451674, 195.34505125674295
730.jpg,222.46046701255187, 59.00534548413428, 64.80075234059679
35.jpg,397.7133056652626, 238.22073945618573, 24.333305385442088
603.jpg,221.55062633794122, 230.88145916145936, 116.2335413056004
802.jpg,545.4682803827085, 45.986964205120195, 15.812780021868075
125.jpg,296.06162719983956, 113.05390834195687, 44.30001762421786
209.jpg,586.2653852570643, 78.4412711975563, 25.15238323315712
893.jpg,465.14779871545966, 136.2299385079424, 37.87465306540752
265.jpg,653.7819398982846, 43.363488587161875, 11.140168570722308
24.jpg,476.5833718528606, 76.92024029974914, 33.29738952290921
107.jpg,267.49889260415, 269.876151603011, 57.798671810306885
440.jpg,295.80584040274806, 39.90473232332253, 24.435191595395676
307.jpg,349.71194002332635, 86.63521084173605, 75.76575927763241
11.jpg,525.8786081052838, 101.69230348020639, 64.16254754707163
527.jpg,385.04527459030606, 203.01249361622834, 21.547452424197342
719.jpg,145.84230846446835, 143.29372938975825, 72.21804761491134
66.jpg,388.0110916626932, 129.52894846386593, 46.3092605653578
703.jpg,270.68163787535696, 77.18865692006837, 87.02683963066815
495.jpg,238.48608008578813, 107.17617382643421, 28.243824868325305
191.jpg,135.6962094824487, 216.68849056598194, 32.42686600710598
736.jpg,231.298214127246, 61.09203470030142, 66.19712554002105
980.jpg,279.1058641190059, 144.91222305166545, 176.3069857310201
241.jpg,285.9002132058476, 237.95735816707753, 32.55401309196717
538.jpg,363.78920746548596, 123.57007044879721, 31.622620483067127
357.jpg,425.16167048194006, 191.1523595823341, 67.41121135681006
775.jpg,377.56304602560743, 138.38622540439397, 118.24833213079069
812.jpg,261.1826684890598, 260.38920926200433, 81.34269376288266
972.jpg,296.064590525639, 116.85345969062362, 44.9012057017399
494.jpg,193.5054276152902, 77.6979757575489, 14.431631565013507
632.jpg,491.2053466055265, 139.0557965306267, 116.6271766431235
832.jpg,355.31376294379146, 153.1711402589363, 17.373362590953885
367.jpg,452.3552742568912, 265.54290329423446, 49.37838502136137
704.jpg,184.27231088981358, 88.1298163779368, 42.20807816414549
318.jpg,304.52394451559655, 172.693897076003, 57.280009445008645
649.jpg,275.9881872682429, 158.28552041953364, 55.66610306117934
724.jpg,280.47073785310397, 99.16211471842938, 64.11854087615718
270.jpg,323.01232767458924, 190.4979921120872, 30.15814766392766
707.jpg,140.41056369071, 69.587409923407, 45.872370414266406
430.jpg,220.88382558685828, 91.3063517923531, 11.119610347012218
483.jpg,210.02420645856677, 43.102388555363554, 11.044970172812434
269.jpg,385.7918755580381, 59.29191193540853, 16.830793158571158
625.jpg,395.8087351044086, 72.21861283422268, 11.229805025354375
845.jpg,344.0515615196909, 190.42018324191133, 55.48667117613124
813.jpg,250.69567486420394, 306.91983782018593, 41.22799794539296
713.jpg,208.23164039626045, 39.192839382700896, 55.856205178001474
521.jpg,379.38781492952916, 187.29558119670065, 68.6278375730437
544.jpg,349.0227695832886, 200.50658546809865, 83.18341956712828
498.jpg,209.35190438159447, 80.43019951407291, 34.12270991108025
3.jpg,555.7239517626497, 96.61059730775119, 34.1372383805799
936.jpg,393.0262762715143, 135.08265738371892, 99.3548181778166
699.jpg,256.4977056176948, 195.58118253745369, 174.69321234859183
763.jpg,155.79308633326994, 53.72674381015658, 61.458697831252614
478.jpg,235.14794888647978, 99.90311606018174, 11.225735872608817
130.jpg,383.3858836337496, 154.5834655660427, 60.08201177086436
834.jpg,321.7461946320386, 203.16052367386516, 14.946356882930512
199.jpg,356.1762715909312, 209.0679981593966, 57.88427108598521
621.jpg,258.3941739182214, 150.90608846940685, 115.97692457899758
773.jpg,188.23513246168218, 47.99100193873596, 65.90323251830053
167.jpg,265.16138705309976, 83.18033421346794, 72.4330520628223
629.jpg,294.27661775323224, 114.40597435652266, 154.46352994890844
112.jpg,309.76480793405426, 354.35744825053115, 47.07505130016202
262.jpg,536.5116310858914, 62.76948234745962, 12.70122450019873
385.jpg,434.43266473742693, 341.4303164638784, 147.80028255254743
796.jpg,171.40920915319504, 71.44709076468138, 76.0775997290856
850.jpg,594.0956176850384, 60.67859991776838, 33.49262843043528
163.jpg,375.6541501944606, 92.2984738849293, 48.46892551533709
136.jpg,269.67680725221715, 309.27415400250106, 63.253538651690775
263.jpg,241.00955722617798, 161.80108463458816, 25.215211389286853
765.jpg,148.49357035873294, 105.8636402078443, 89.08969345143558
230.jpg,349.7043255299461, 247.14197660360966, 26.95600447225012
581.jpg,407.1759811331989, 96.11663416346268, 35.55237016689329
21.jpg,423.90468585714996, 93.78525828518816, 56.00970470641121
457.jpg,246.53489197622702, 61.32812656425535, 13.4900537340029
617.jpg,419.6428742094323, 120.16953012972188, 41.320404312834455
151.jpg,241.85462230925594, 121.10862064607535, 25.182291688733674
331.jpg,396.6274859288716, 166.4759638736553, 80.29765823009757
654.jpg,291.11629892029674, 62.370784092815924, 160.84299865693845
723.jpg,264.54193459364666, 64.5260451746177, 56.434596667071006
374.jpg,604.3284181721011, 145.12866217944736, 77.03532426955717
147.jpg,278.34194466461827, 201.3930694802302, 42.072283485943096
537.jpg,314.5970555896875, 214.49706658891643, 60.21260165232583
78.jpg,315.92155841545406, 129.02704417611756, 70.21031851862571
15.jpg,492.09649962458326, 181.4973913012532, 48.89228578106366
83.jpg,344.6760816372341, 86.60025618272464, 35.46865418018676
75.jpg,396.3635299393924, 70.1842458641375, 36.197925545403336
892.jpg,254.04852504940462, 97.5778361874493, 18.259978922398727
702.jpg,225.87681117807617, 48.364713099554365, 85.97340867086028
507.jpg,425.56478881352194, 219.66015785429965, 81.18577777610425
86.jpg,497.86262858324176, 120.67517903128545, 41.32700666345032
874.jpg,406.9728692186656, 136.00673983827, 70.64428237627315
450.jpg,217.2549039283439, 95.3872123537004, 25.6766643289076
578.jpg,311.53414864270655, 289.6121228055329, 45.58171426734155
276.jpg,759.6775793944495, 54.38982665533238, 17.05748759996876
689.jpg,493.6386613657034, 51.189526174294116, 40.41881576116672
255.jpg,331.04073383642077, 68.99030341437565, 9.57591215495382
470.jpg,266.20612829509366, 60.02294647500977, 16.275332001225706
453.jpg,214.921995772078, 35.94153668316001, 14.2458712061842
645.jpg,253.7556048469198, 110.60019007629872, 126.07113237856653
143.jpg,322.7196452081973, 134.6256423038763, 47.20295122830006
810.jpg,417.38553868686597, 96.63565119994948, 44.486731756632814
642.jpg,410.1186338176839, 60.819539244988626, 33.9582561962323
885.jpg,394.89531180306966, 223.4081739834045, 35.30479603208456
132.jpg,333.07382299479406, 248.59655855114974, 74.92996817671428
780.jpg,105.8920990897647, 74.49057902679169, 58.1987554345142
589.jpg,375.10035881409107, 115.26575446548462, 17.780099758318226
828.jpg,273.3358689901833, 143.50768578301668, 13.086107587304623
190.jpg,422.19061602062953, 72.8611898162722, 33.39086732352333
647.jpg,424.2689737550374, 155.86495432533158, 43.34013752785443
799.jpg,205.094881644786, 61.937579357235165, 66.74986114278131
447.jpg,247.12181482110287, 64.11000963819745, 13.339789174308097
6.jpg,266.53145383546104, 93.76270989515882, 33.52221408553811
610.jpg,285.90338090566854, 169.84010636590912, 130.3854713116975
368.jpg,336.65809430235106, 251.26777177081055, 80.87563130322104
741.jpg,135.28005121851854, 74.52506697220379, 89.96128638994078
731.jpg,229.83212735444118, 126.28825065903823, 63.713690852993935
839.jpg,416.1280735067097, 135.62793582352643, 41.80047843988815
804.jpg,291.8596931465363, 153.69290603474806, 34.62702432284497
983.jpg,237.54488193026253, 102.49021400377332, 55.177647605371696
807.jpg,336.3890033899601, 160.85894873990674, 39.775066302560056
695.jpg,257.44368575739117, 142.29583370489812, 223.23840936481136
294.jpg,418.67468779380897, 186.85167946852533, 30.52651135874505
128.jpg,381.2822864898766, 97.09432809331972, 27.422568219812263
390.jpg,388.04879529000726, 191.48621553972956, 29.926870447589792
88.jpg,317.5138374972932, 208.1554852673369, 52.57383903883117
288.jpg,289.1910524080769, 254.15160839947472, 37.6084478886556
339.jpg,414.2076989696263, 144.81002752733067, 29.451901003214967
941.jpg,396.432945560443, 136.94805485148376, 69.7808584941769
881.jpg,347.25740337952817, 138.91694219344296, 20.52812848918706
873.jpg,381.5526774542593, 185.02243064952216, 40.19306520263508
788.jpg,173.05552659277902, 105.54864017864826, 76.19760936550021
863.jpg,350.43196312458343, 121.08146938351607, 25.933299046622768
169.jpg,348.3845778357462, 148.40925483610917, 21.068024689814
229.jpg,333.36459196932634, 278.26013514091005, 24.804218706328854
976.jpg,360.8613079666098, 163.18178800622618, 78.18204695319238
526.jpg,316.32786387994645, 287.15503117304576, 36.72597707588311
611.jpg,326.25950209527224, 74.40824909758454, 16.04423920539345
816.jpg,517.5847260873911, 104.7590450190675, 50.31910870018966
651.jpg,384.3316355473467, 38.37517280533557, 62.98247590452525
490.jpg,232.90101964714367, 103.62353986014446, 18.122286739249997
600.jpg,283.6031908310533, 244.18594180572273, 48.734554927372486
803.jpg,512.3990898774792, 110.87225860793774, 39.32224877814138
607.jpg,351.8373902444519, 115.09580896890547, 125.17056940515785
793.jpg,149.8170635210504, 121.7065729978743, 69.61870387213781
856.jpg,303.64362376762386, 222.66962434591034, 29.764925677166445
563.jpg,213.7927211014207, 202.5755298978619, 56.01334441506227
176.jpg,356.1740923430759, 175.26270132985667, 24.669559089134395
551.jpg,452.6047309271484, 96.19976911955017, 80.46310279692649
32.jpg,482.6868641948827, 88.80048505461181, 38.41152093314651
531.jpg,236.68203022857264, 107.8738797461303, 37.83328468387595
72.jpg,356.3473418437884, 96.77839866245569, 21.812001530590077
82.jpg,335.22446208226364, 85.80716281511977, 36.57828920495586
729.jpg,277.7413169836116, 122.00935243087692, 73.67445296982248
925.jpg,426.04645389459193, 146.95322761869605, 68.07389696799673
57.jpg,385.77543120001206, 122.64874279089463, 67.35402503739407
464.jpg,274.9538279291989, 59.26880648661631, 15.878155781742503
783.jpg,278.94356844742146, 119.88962699638789, 78.2867758473594
697.jpg,221.81488315047892, 175.9832496356011, 152.55193082183104
177.jpg,354.32840754991827, 210.75993091090294, 44.68363692926439
123.jpg,296.2941330291992, 190.22900194601684, 38.691295443573324
841.jpg,476.9096027377075, 117.1297027536885, 21.492728706182262
356.jpg,575.2042926194608, 116.82701654752454, 24.51702832089857
456.jpg,249.80385227422477, 45.34817516344848, 21.726211592787042
43.jpg,569.2065480431073, 107.2010095122802, 47.13306683238072
955.jpg,427.13863075253545, 198.5229421800513, 123.28619577770591
929.jpg,318.09447887720864, 181.28996836888612, 88.89614711549663
759.jpg,217.93013725942956, 56.803341839756285, 66.62301084120578
785.jpg,221.02504204845806, 102.83427079618718, 66.32886080205292
829.jpg,555.397687043105, 143.73637166256947, 61.685391888354054
918.jpg,370.7544074554086, 130.20666493350652, 39.883063540454955
231.jpg,262.59896241030526, 91.09727549240199, 14.878057066436954
888.jpg,307.4944288318528, 201.55961884715896, 17.81462348656965
683.jpg,279.74433785311754, 57.96987742053786, 129.75802922440226
106.jpg,303.93730917024374, 364.8731042679355, 27.892470674332543
624.jpg,210.2843134256204, 161.9461703564389, 178.03446797298773
225.jpg,574.5420974215657, 74.05178845177902, 23.422632657782767
346.jpg,559.5362039871933, 123.37289059198642, 69.21386624431294
669.jpg,179.86658973815918, 141.0146605050227, 127.66176027303992
392.jpg,452.53456483960986, 317.5463660030138, 73.65150840613411
960.jpg,362.5039484300782, 184.5670922761043, 46.501569686272035
330.jpg,347.7304655169891, 386.489570920835, 108.15842442174139
146.jpg,243.05756074890158, 208.19285122870784, 23.687432833472236
979.jpg,333.2578337988177, 136.08714389481827, 65.48259065349343
350.jpg,302.68997552798845, 247.05838628798148, 39.14265342159457
622.jpg,260.914309433103, 49.459771088742606, 102.01223313825965
508.jpg,438.37127747167443, 222.51860487240688, 73.33249168269778
111.jpg,230.4383263740302, 262.84384739633515, 65.77886566805407
63.jpg,551.935577536706, 87.87463904298001, 52.25213764126452
154.jpg,299.8501024657763, 139.22912498245938, 75.54180527591555
835.jpg,491.6826681147198, 187.95415212502562, 32.56588581019354
434.jpg,172.31330903914386, 58.64391183884018, 17.994768776367252
388.jpg,287.68404167160503, 260.42153754346543, 48.98763941143087
878.jpg,305.6302313596136, 134.84999352799457, 19.015479762113706
428.jpg,293.4930705424743, 69.65347959812235, 8.59839452136427
559.jpg,295.587266891415, 285.5352778900446, 52.84229848803979
815.jpg,532.0917751971668, 106.71668271658844, 29.076740826213673
10.jpg,479.9425604399884, 153.22075640172187, 57.30196787658399
869.jpg,557.752623846978, 40.44105151197163, 20.977457475813015
268.jpg,309.09735215421375, 40.04024579182072, 21.44787004815858
968.jpg,247.30064081254758, 134.65527828826478, 60.47439067808791
638.jpg,418.3734040636285, 126.25417291465057, 68.80189381752463
750.jpg,111.57388922178343, 93.9203166574289, 52.1775746313806
489.jpg,234.28738120906706, 53.07769572865302, 7.3053324072073496
340.jpg,340.668710619875, 239.57387216006578, 46.79553392729424
87.jpg,391.90624386965374, 78.33265539863453, 33.36501174299469
206.jpg,300.5905387794167, 146.3630447521315, 22.425660831525956
250.jpg,330.7561999240804, 39.30248137858585, 15.189318134445482
404.jpg,256.16692718786453, 101.13566369300794, 35.021864674660435
140.jpg,295.05371268263326, 113.25096396267841, 55.72152959990865
914.jpg,413.9537870058462, 98.29236680813568, 36.594238517067474
973.jpg,264.5448709633976, 155.56432909833282, 168.18032093290262
660.jpg,253.87469673124684, 74.34859224001175, 72.17150174995913
591.jpg,351.28473918149734, 125.66075402580216, 27.29084298163025
34.jpg,305.83380485524754, 41.82854441121532, 85.3073884015728
901.jpg,408.6073565287288, 226.62435518038862, 47.68032285047699
39.jpg,625.6386978821639, 101.83918116003846, 66.65191834464851
587.jpg,362.5643438792351, 125.7391097893372, 27.857342426023497
124.jpg,466.21968216545025, 75.12110916200463, 16.545939874110545
247.jpg,329.4861991660724, 62.0434982266385, 35.02758123630481
726.jpg,149.69780694971948, 127.45073939088668, 67.78440689080878
899.jpg,410.86770641163474, 96.22635390834607, 21.462813058835327
963.jpg,368.0662068118947, 145.0731538549573, 47.90788317265067
837.jpg,263.9311416942937, 41.251135428111425, 23.677832545846474
383.jpg,435.78076293586304, 134.3255218862943, 27.745248322085757
536.jpg,222.6218618397549, 205.45336906699936, 56.02487158820341
251.jpg,190.42071477041912, 191.15504942362782, 25.962079039129186
280.jpg,241.41545027692348, 216.15827384496365, 37.89974384713219
667.jpg,288.554415183138, 143.35543341442693, 109.06263623036345
215.jpg,304.5302453728053, 237.49718345414718, 33.15037180915191
965.jpg,406.0916808158694, 96.74387900614809, 33.84224080113685
643.jpg,193.83487592316607, 207.14261151568186, 149.2318744934038
491.jpg,233.09192460731228, 58.965818804295274, 14.578414069855041
133.jpg,411.87817692335244, 198.86578340458163, 56.663128234372955
664.jpg,245.5247523729291, 58.77996390992279, 59.18855729621858
377.jpg,327.7954987851058, 345.0869454604453, 123.13065274463591
94.jpg,523.3774786094407, 116.19730955359833, 34.32181520708668
884.jpg,563.7551445305436, 93.46826002502294, 26.04589283623859
485.jpg,314.2583953615838, 86.05294621994625, 18.095008696878544
583.jpg,293.5034766657501, 99.14538230227097, 30.709220480607605
55.jpg,340.59015361347446, 75.59613632079733, 49.85137723668406
96.jpg,485.33273742571674, 93.73405207712413, 31.783946880411808
550.jpg,577.0490335776875, 109.84074024236324, 57.20452089483095
477.jpg,182.42524105977301, 35.01040129498629, 6.253155313028683
648.jpg,335.83100633885203, 167.03365688809316, 131.79033041363897
616.jpg,135.674621641041, 134.82214773808641, 105.76547490686983
530.jpg,389.76092033136723, 170.01578299747104, 29.499645413526036
402.jpg,242.62278095639866, 146.9415860994273, 15.577724546838118
289.jpg,297.162606235707, 262.4235422177117, 49.335903860697336
875.jpg,253.98424555131535, 208.13899580813924, 43.19862280987567
158.jpg,229.01825097453687, 120.64113534959864, 13.903335201483857
50.jpg,436.1888272870158, 181.93069651493923, 114.4800101791818
164.jpg,309.4081879165455, 92.11249347765474, 10.79403041671888
419.jpg,269.3934102909165, 36.67546389824823, 25.74262778816785
463.jpg,198.99718508531555, 104.27623032184802, 21.795122992886593
266.jpg,351.6252932883023, 23.950180379486202, 7.80159187443835
898.jpg,458.3699927177041, 152.38728508437242, 62.44275409714451
693.jpg,254.84170477080661, 146.51294447958625, 186.8930073628169
520.jpg,448.37534887258965, 91.03727053253934, 50.30788456862589
248.jpg,279.1505491269733, 192.07733731543235, 25.3884807968037
1.jpg,375.0452597700429, 124.58252675030882, 43.98962378557911
615.jpg,372.9934726002884, 190.02902078550306, 36.28070543286012
173.jpg,254.24558754753275, 143.57241475556785, 40.43882281678111
992.jpg,447.72961351359925, 156.58590410681632, 73.51694685033769
639.jpg,210.71539502364936, 202.35055996119016, 78.75984700938898
198.jpg,324.19104739817305, 108.57436141908245, 20.540478388116924
27.jpg,435.483509526787, 95.84632065297417, 40.57948869344734
295.jpg,351.2813512252492, 50.35464204319967, 15.930171383573338
700.jpg,309.452637005452, 53.858104439103265, 60.574458375463486
197.jpg,291.82455739754073, 136.3382628801598, 10.903732283119005
644.jpg,347.497582190223, 258.31945465458153, 70.62645351235528
946.jpg,465.8000926020265, 139.4474538198883, 72.91825391883232
720.jpg,169.3235885048658, 58.10759451447162, 52.49545295334201
384.jpg,362.58832015158606, 201.3976453768082, 16.22503928573912
291.jpg,331.0915788833946, 67.86734128206112, 48.249292312089764
472.jpg,225.40518337014686, 55.43735007268017, 10.378385911378212
753.jpg,146.30063952712987, 109.57402474917694, 78.33346041932109
162.jpg,357.22522976683257, 237.89768117778425, 40.894881516531086
675.jpg,303.0832480988491, 207.56524384551477, 48.072170002623565
362.jpg,464.7495915588176, 129.01168671731983, 37.38012720947754
931.jpg,386.40906404045205, 185.64727667949703, 55.545003199682725
939.jpg,331.5102591976293, 129.8721999874513, 66.19067520964644
142.jpg,259.48110960473275, 220.80910143437353, 72.03243330237116
798.jpg,234.9129864232752, 51.34064425961362, 58.827816588207135
751.jpg,192.7074389663265, 69.91966721289751, 70.60531551637196
661.jpg,393.27385492755354, 47.06445265360794, 61.83483098824244
420.jpg,183.51419402332496, 50.74741825906659, 25.817829868488417
242.jpg,235.36479622469517, 191.358424708585, 32.90084652950579
313.jpg,439.43970842460465, 272.8583599312893, 99.06127388520893
989.jpg,323.0823592493363, 154.3841337457487, 113.46810043726296
135.jpg,272.4622724489642, 120.87526282799135, 35.72110239810865
393.jpg,367.7702802472818, 168.12007007974114, 63.89205761565352
310.jpg,346.1084368053044, 253.6333444697271, 61.05294139336344
517.jpg,420.75750126860396, 137.4189444675674, 61.54279191225587
33.jpg,299.7301543556703, 74.09927248895883, 34.23654162944934
668.jpg,269.00768806431216, 134.42160103341942, 167.19521622874913
58.jpg,394.13729796962025, 131.6484756736034, 93.51294515073099
38.jpg,372.24664826451686, 76.22033670523514, 39.81960004343517
900.jpg,401.1449380421237, 109.2565135248864, 80.4658653859502
351.jpg,445.4100291624165, 127.16368917699647, 37.45632188867691
930.jpg,310.000006422922, 149.58201171021673, 104.57078528402606
65.jpg,510.54933810844034, 101.21812883363279, 27.51481126543366
496.jpg,202.22144533940119, 66.51896940332254, 11.135773395994036
857.jpg,459.22430702160455, 120.92993635461328, 14.376168826111172
686.jpg,215.44956576813496, 68.34345289282425, 47.71182671843447
459.jpg,268.78869779069294, 131.34706558278597, 8.209647021343269
659.jpg,244.49608358513592, 141.6541896629168, 90.831861487588
429.jpg,229.63746564255212, 47.77630057760035, 23.899750965231547
510.jpg,325.26744656390895, 194.77671073419853, 69.40419762720559
879.jpg,336.32470100913343, 231.93394589492127, 41.376372548515704
687.jpg,302.82462487518353, 109.48936081008242, 114.22460335951506
781.jpg,198.66965671940193, 56.75341594919979, 64.6262356614363
49.jpg,402.18304638144434, 107.7821863612033, 36.62487628300198
655.jpg,231.43023467036934, 118.01366398061148, 75.88218923189609
708.jpg,247.43063874993067, 161.02455803514712, 66.62649601161034
866.jpg,441.3475224221596, 154.90573165630275, 53.76457496119887
579.jpg,425.82165913608895, 184.95660404831864, 28.43412392258195
224.jpg,293.6563581658205, 195.79959109467393, 39.82033020878201
297.jpg,420.833783087571, 100.60692523604624, 18.567991842519763
818.jpg,506.0322959618643, 187.04664279877605, 46.35171552759277
277.jpg,361.2024743918517, 64.26762524405292, 13.810850998059895
51.jpg,368.9196514447844, 41.84245667494882, 36.54444893521182
833.jpg,395.01978311433714, 113.47669526353786, 18.542594259117337
99.jpg,293.8305603078911, 67.70262899342548, 39.47496655344412
220.jpg,310.5334158767501, 176.8701450534971, 29.349450819287107
405.jpg,240.73292318273715, 97.5792267272476, 43.886645576507796
44.jpg,639.5351546628433, 65.58861764841913, 26.447117999545153
64.jpg,467.3147194334026, 110.74833670872609, 28.419266017058458
749.jpg,171.61656933574335, 96.60528469717121, 82.08211503214068
338.jpg,339.79071148341325, 239.06680027818368, 21.933388263227613
181.jpg,240.49923692884406, 193.49593982284156, 25.052813416967783
580.jpg,437.04247069479635, 117.47577256242202, 14.88410323199491
696.jpg,217.32958528933213, 406.12241611390766, 305.1349107515426
574.jpg,466.20689005852745, 88.15592811656236, 47.14936677695529
795.jpg,179.8211595610094, 63.07097309422353, 61.51583182071707
778.jpg,129.6194057067803, 107.66166113635532, 70.69062716925801
740.jpg,234.780307134426, 35.938156430428606, 73.37773729435366
435.jpg,188.2493088338134, 75.47690396734977, 18.342235226824155
940.jpg,352.91395321868345, 151.53435334539387, 52.803847241303146
454.jpg,256.3976668950018, 36.72911586678388, 7.6332872902072655
337.jpg,419.5962766992971, 134.97198517492657, 19.462869310354375
743.jpg,131.9061271790149, 76.201402197425, 63.196374859310666
474.jpg,175.29748153875036, 66.51279561817805, 17.50093048802704
200.jpg,205.82891198849276, 144.34710093471523, 17.287734258939764
168.jpg,384.55114614206434, 142.2909431901972, 21.494540452349735
431.jpg,169.22628918609044, 88.23714836815853, 34.000541075677276
806.jpg,380.792085898898, 223.55655969273218, 23.617426066555
674.jpg,304.562714138526, 118.79471558929342, 157.52962815888088
502.jpg,292.3198315455153, 380.33079270817024, 35.01417002921421
634.jpg,243.6258885432894, 183.60080770316193, 156.17388958502318
727.jpg,214.30616549871343, 76.09921337975666, 73.07363064383449
978.jpg,305.10696036747515, 120.6041292441287, 81.48743788761408
37.jpg,346.035515680635, 138.1957430843199, 77.41912217686694
315.jpg,367.8557024898496, 101.41288757026665, 43.73059125642413
319.jpg,371.2932027627048, 92.38039400746388, 47.58098249438103
858.jpg,307.8988195652622, 83.56118859759857, 22.409965669575854
45.jpg,292.8503258001763, 72.9282611500317, 34.4258704103666
953.jpg,227.5337127505049, 168.50990270088906, 89.17902132266337
110.jpg,198.96321364400254, 237.81238886796834, 31.396700581408712
573.jpg,301.15629258546386, 180.1302290616997, 35.66385851598417
395.jpg,378.4913733040794, 117.33079298130464, 55.69352302881654
172.jpg,142.07022485382078, 266.4123730331721, 44.55038485226261
805.jpg,275.4510769089092, 265.65388025901314, 27.739398784042944
570.jpg,201.8241189834563, 259.559727598303, 25.940987157192307
100.jpg,258.9577661459523, 270.05237027178237, 44.24432593759335
204.jpg,198.53281474745347, 286.57456377504343, 33.87814658908683
933.jpg,444.4502094425661, 136.41315015487638, 57.99472326115076
144.jpg,481.4015271185691, 84.46210748053146, 24.6479979603119
843.jpg,556.6692370907045, 97.30348741937807, 17.140223795416684
701.jpg,238.58403633153918, 67.52656288360254, 58.806381814726265
129.jpg,366.3066396273137, 89.33555327070668, 31.538699418427214
721.jpg,314.3541286786078, 93.88647688788481, 73.55292343401744
774.jpg,246.97481299493975, 79.39725329076641, 81.50082070489388
187.jpg,346.9985873801109, 135.6614947823713, 39.024476270193524
882.jpg,251.87883786466455, 256.5544149344688, 78.21214390267708
739.jpg,189.91355912005199, 95.64570983442135, 64.65296636556975
117.jpg,307.1602027770141, 114.90027839941777, 20.48949137526802
363.jpg,465.3696517268195, 105.16114837688978, 36.91576878519933
74.jpg,317.97061416234703, 76.47515842943972, 56.876109518559666
194.jpg,234.4789195016718, 172.0574265690676, 44.7145090747916
373.jpg,430.8547145076247, 119.88414076857961, 32.08503260716434
961.jpg,365.57045943422105, 82.89247044477173, 36.89170390412344
345.jpg,500.439886159058, 152.3591339062824, 23.702923102723688
627.jpg,395.3444904214574, 62.30350694030175, 17.67200113683352
954.jpg,437.70944925402796, 152.27144389989482, 103.59758963940159
42.jpg,345.76724025532286, 93.4068290309626, 48.32673829230741
484.jpg,243.58600024018648, 82.3476414468653, 16.89504810193892
672.jpg,251.00242022389548, 130.3843948324228, 165.28832509546183
437.jpg,224.30770998133994, 87.48220467542554, 19.50715907258957
928.jpg,314.8520001127981, 157.8094616042547, 87.46854335808061
300.jpg,455.28527327347825, 135.86875839559602, 44.42861914174846
448.jpg,227.9462886973735, 12.794257929309504, 3.9582274689548926
480.jpg,233.68965743425684, 60.71790928700548, 9.637042493161005
409.jpg,299.2075393165191, 62.051623825647006, 15.210942593144567
637.jpg,251.07655380309401, 121.91190240604318, 188.86132110815868
301.jpg,395.0065896900854, 297.02802443524683, 55.93823066722064
558.jpg,302.9950578207119, 67.09702864672145, 32.38837154473014
321.jpg,280.1459680975223, 258.33463965132927, 61.43301546190035
619.jpg,223.000353720916, 198.6250914446875, 110.4331196523184
836.jpg,415.41153199238556, 134.50356047452587, 10.5326079448482
975.jpg,345.37616433795114, 131.65086547862603, 51.375649310645706
998.jpg,319.30398101449794, 79.10327990290601, 33.71454719028576
253.jpg,359.4009449294255, 197.7918999148861, 29.42421727561098
68.jpg,408.908708498208, 187.59051807483087, 59.52776994215353
343.jpg,268.37144063740215, 339.965435571481, 43.85695632473478
557.jpg,312.96348885245413, 140.91510124831962, 26.384677887932977
688.jpg,199.56160361762173, 168.01675986005586, 116.95560392412197
917.jpg,308.23007245719515, 77.43542798779075, 40.92744289053545
298.jpg,271.1326720298048, 241.48584287706655, 43.07344791614003
614.jpg,300.1874710406032, 209.9976079183692, 71.98424352256973
919.jpg,338.1370519890702, 118.19690264442292, 52.73337731281975
122.jpg,298.51261581899723, 163.53433436780688, 30.142630015852706
641.jpg,311.96887433987257, 265.0096639707077, 61.50573492216853
561.jpg,356.73395794938386, 200.63303083441633, 41.47767388589986
840.jpg,393.33374126081713, 120.49805508795951, 37.15339391984103
188.jpg,368.042240351041, 85.22356256068369, 12.124330282983701
69.jpg,264.15765082873594, 141.82317952249903, 83.07706445148239
252.jpg,392.75206217528836, 188.47018753745746, 34.64526841821461
260.jpg,314.9062578427381, 59.036134138066785, 18.59185833280101
904.jpg,465.1768067814019, 79.20525819258559, 45.701306299307056
473.jpg,264.0528364992337, 82.71473886523755, 6.640783901599281
582.jpg,356.54197641976185, 241.93468981902913, 59.017447359448454
959.jpg,313.36655030542505, 142.57241364174934, 20.45709346365924
575.jpg,378.53214875318093, 187.45499334082461, 37.08716923446264
465.jpg,238.69133821830073, 64.5324349810652, 12.656429167706792
71.jpg,468.0648813954218, 126.5625127922762, 74.97836046686123
152.jpg,149.1058973233377, 67.25778636290396, 28.657575715540325
179.jpg,418.2934427465012, 203.40708362033047, 35.0851276928491
846.jpg,280.39910175816266, 194.63314791097096, 38.1862121163255
410.jpg,321.12195145861966, 51.74801067416647, 36.046598180905356
658.jpg,332.530018758189, 135.48591227253092, 35.603223806094796
947.jpg,371.2564394150503, 166.17345110214416, 51.736805977684945
249.jpg,257.3791635103823, 106.02821997535797, 34.69255427718229
92.jpg,317.22023461531415, 56.79182700779038, 35.82901853720515
990.jpg,301.62901748980806, 122.22116600343851, 49.398428720585066
777.jpg,133.66052195691677, 88.08859138124662, 87.0554561187115
210.jpg,562.882540878309, 96.8290446677064, 23.16721854701592
462.jpg,274.4065151616748, 130.71893223638804, 13.670168529486883
455.jpg,369.6001309260516, 97.56677890527597, 16.100933122514014
737.jpg,223.23536040849348, 97.4476204040798, 78.2926855135097
189.jpg,295.9752118931782, 112.98126912887794, 30.781969497172607
389.jpg,459.4183081781472, 114.85459836731614, 25.734155941359564
475.jpg,322.67451897382455, 79.65935849159321, 17.74285199373371
327.jpg,479.3808581696916, 149.1807527314554, 79.68643776775768
26.jpg,421.069665268139, 223.64667587001483, 154.5682940548251
274.jpg,329.4398084007769, 45.69902950754501, 9.757460969356337
4.jpg,525.9493719729109, 27.36135141889297, 36.11329419666808
503.jpg,403.1551472615151, 201.36710081326743, 42.0037444587503
934.jpg,364.4613950938705, 144.47763939837168, 60.45379357517637
334.jpg,517.0699840115141, 142.5520882121188, 78.48584239844294
292.jpg,468.2260202534726, 74.59044817600541, 14.421004567112446
513.jpg,284.3410734772095, 144.5228569984542, 53.19661475078177
258.jpg,588.6573104200987, 100.53627501431721, 23.1447772712392
259.jpg,339.9534609181629, 81.87549053387502, 14.515658797556107
62.jpg,570.3191040940694, 84.87607677460387, 45.96820502969374
525.jpg,356.8517414936572, 189.00741285568628, 54.83252539897845
887.jpg,532.6031927565407, 106.40732185356383, 15.977482058330665
214.jpg,216.78338621514757, 170.765369866255, 27.807389875409243
964.jpg,241.30301103966593, 133.33719376800036, 78.58529444972729
306.jpg,558.1370284225397, 185.83526262458747, 90.18752265697772
427.jpg,207.15697749060905, 54.11058712450656, 11.090230582014104
560.jpg,347.32294153924084, 182.34175315224584, 35.414664012329126
403.jpg,195.27726708278558, 39.040755033441066, 7.523346304263019
180.jpg,334.7170463737453, 264.7860764224518, 47.51652967453513
98.jpg,254.8000785466242, 43.2527579588463, 34.07615711550464
897.jpg,265.3388041652973, 115.0830215573349, 28.590523507039112
296.jpg,311.718831615358, 84.1887092501336, 27.038061587025556
541.jpg,304.8246626107289, 90.8710727104763, 119.25489531341537
207.jpg,602.0194863857703, 51.04876875454399, 7.364957343980805
821.jpg,422.2097302099362, 69.46775179741472, 21.28395485733967
219.jpg,302.69869429539153, 223.24774213522176, 34.21838553802683
776.jpg,138.65638038828934, 88.46966958853443, 123.5560799555186
663.jpg,163.83412258280228, 104.19118477302781, 121.27834027447226
523.jpg,284.9428395682635, 253.99165308791055, 29.81803388873171
18.jpg,535.3793017134216, 214.28445355257287, 174.06717400101883
861.jpg,322.9091870943789, 228.74249071917947, 19.796247438698902
438.jpg,250.68192732129523, 59.91639790576581, 29.651692853920206
267.jpg,279.2875902595787, 51.100773378032045, 6.869875016150226
682.jpg,191.75606702954713, 79.94314323007644, 66.31679314705542
382.jpg,338.27640145446907, 423.7125777736693, 120.04593104668798
909.jpg,508.3421738228032, 145.21000798569577, 54.966915934715544
31.jpg,365.8792759758627, 74.40064712177394, 62.29094598826656
285.jpg,244.72125172677747, 225.34638455539047, 25.240700822817832
328.jpg,337.41522679235277, 208.42209006181204, 43.989876134359505
809.jpg,305.54970825857185, 186.2934732733421, 23.087412991375015
449.jpg,332.8972676806404, 76.62329865926219, 19.322657387466744
943.jpg,253.96979038114003, 132.42879494853682, 59.49416980419525
509.jpg,238.5431711100446, 72.80053121296132, 76.74019774876203
29.jpg,357.8752291397297, 63.66519063739126, 37.245219594205196
127.jpg,193.27726874307655, 125.08349620835229, 13.847486170777719
762.jpg,215.78380471873572, 79.70347294441551, 86.0424595554959
201.jpg,473.4050616393246, 102.34294747966193, 20.957510604722014
744.jpg,144.26434690211877, 80.09970111017839, 117.94061999199624
761.jpg,132.23646802793766, 85.3481085753871, 127.524444158834
926.jpg,429.59741880405096, 177.94612387623587, 43.01481313247166
60.jpg,477.5981092271626, 149.88982848850472, 66.15380556684694
995.jpg,364.05325913559955, 40.37379109588548, 35.43073433825289
329.jpg,341.49900141501547, 284.51439576504424, 35.705396963758645
870.jpg,326.04418176979647, 127.86070595653999, 32.56821773281648
165.jpg,237.58787159631066, 159.11934627938317, 34.156185251607106
779.jpg,208.4191596058689, 52.223088335557016, 65.61053356317943
299.jpg,378.3195025008469, 153.55790732234732, 11.0448911501715
547.jpg,232.41972063626613, 262.40722186481804, 45.88261370797738
794.jpg,281.3526421254928, 100.00340564690579, 101.97835104101325
5.jpg,507.93535668559025, 99.33958660912857, 42.4007970986995
361.jpg,443.956867665024, 116.55039033468259, 70.27492190075075
770.jpg,143.97306050731558, 51.67275830856091, 42.369276690854754
344.jpg,299.1019386080004, 388.8234719618725, 116.39347480271444
952.jpg,198.10014114099346, 123.24442418674658, 38.3054089363319
232.jpg,292.18328009263723, 158.28776093988014, 23.839750509993713
554.jpg,535.1993401020092, 120.11784483908767, 58.417616883844985
432.jpg,242.1825389970114, 77.39183711507259, 14.580300657238856
227.jpg,324.0130534757996, 195.6012626033623, 31.152843818307414
56.jpg,334.85972965442426, 133.84058084365003, 34.73821063402268
988.jpg,303.23840041024187, 130.88039061531165, 57.570733524748924
101.jpg,358.0807975029069, 299.98845752517695, 27.706877673123707
566.jpg,380.4989684833407, 215.1824805392419, 59.77587347281314
635.jpg,279.2464747497904, 134.64643001142625, 148.00323392407083
134.jpg,271.24946245654445, 168.03519200668413, 55.47845710597943
145.jpg,280.3945065199949, 39.89502914226614, 14.662515977683526
7.jpg,565.4441968384215, 104.1696503383166, 58.864628635338676
105.jpg,321.2642686845968, 147.2452251593988, 156.26220231187827
320.jpg,427.54141706960974, 193.6546501173939, 101.33016243634191
994.jpg,296.79876387022176, 191.81475165560545, 149.28900162536144
256.jpg,560.6166558622482, 28.681118906476755, 6.2091355111447095
709.jpg,322.49096869301434, 59.94237026995736, 50.833996968723824
436.jpg,267.8604011248277, 43.970781010910606, 11.012680070640792
993.jpg,434.68842750424596, 133.79841725776478, 46.98739666424145
244.jpg,263.15129413586453, 211.09473718287236, 40.18812453769481
911.jpg,481.851905596123, 148.54303846493374, 71.53631762106042
985.jpg,302.4683009759027, 181.39058317794405, 105.74063259798766
690.jpg,324.27746026656735, 105.72850673866084, 193.32691886095256
460.jpg,201.0703203527515, 65.45061952242926, 16.605745938411705
458.jpg,274.81723913399185, 128.3129499840484, 20.921097943176115
372.jpg,497.719155484925, 157.86098304964298, 84.2915278172221
867.jpg,390.4088901941193, 28.502963225504107, 12.148776127356177
317.jpg,309.52778925912617, 169.62845946053704, 106.3903277135039
706.jpg,180.81560785143196, 66.73135882980523, 46.31540985847839
13.jpg,406.07581849400447, 105.06715341589253, 60.73682277465134
631.jpg,296.73071657072353, 192.73525882718928, 52.4784236426132
376.jpg,553.7929984966545, 254.70502090481946, 111.17313421071935
221.jpg,462.5516614109347, 93.5096469732261, 22.200715555645253
716.jpg,172.34534220160776, 146.32599871815074, 79.86923234832527
425.jpg,169.28236966901417, 37.1910184188015, 30.920077489518924
548.jpg,349.7160916966639, 163.061676471249, 24.44181227007312
